<?xml version="1.0" encoding="utf-8"?>
<odoo>
<data>

	<record id="saleorder_mail_template_type" model="mail.template">
		<field name="name">Type Based Sale Order Mail</field>
		<field name="email_from">hari@gmail.com</field>
		<field name="subject">Parent Mail</field>
		<field name="partner_to">${object.partner_id.id}</field>
		<field name="model_id" ref="sale.model_sale_order" />
		<field name="auto_delete" eval="False" />
		<field name="body_html"><![CDATA[
		<p>Dear ${object.partner_id.name}</p>
		<p>Test mail</p>
			<p>Type ${object.type_sale}</p>
		
			<table>
	          	<thead>
	          		<tr>
	          			<th>Products</th>
	          			<th>Quantity</th>
	          			<th>Unit Price</th>
	          			<th>Deliverd</th>	
       
	          			
	          			<th>Sub Total</th>
	          		</tr>
	          	</thead>
	          	<tbody>
		         	% for list_new in ctx['product_record']:
		         		<tr>
		          			<td>${list_new.product_id.name}</td>
		          			<td>${list_new.product_uom_qty}</td>
		          			<td>${list_new.price_unit}</td>
		          			<td>${list_new.qty_delivered}</td>
		          			<td>${list_new.price_subtotal}</td>
		         		</tr>
					% endfor
				</tbody>
			</table>
		
		]]>
		</field>
	</record>
	
	
	
</data>
</odoo>