<?xml version="1.0" encoding="utf-8"?>
<odoo>
    <data noupdate="1">

        <!-- Sequences for sale.order -->
        <record id="seq_sale_order_ticket" model="ir.sequence">
            <field name="name">Sales Order Ticket</field>
            <field name="code">sale.order</field>
            <field name="prefix">00</field>
            <field name="padding">3</field>
            <field name="company_id" eval="False"/>
            <field name="number_next">1</field>
   			<field name="number_increment">1</field>
        </record>

    </data>
</odoo>
