<?xml version="1.0" encoding="utf-8"?>
<odoo>
<data>

 	<record model="ir.cron" id="saleorder_mail_template_cron">
        <field name="name">Sale Order report</field>
        <field name="active" eval="True" />
        <field name="interval_number">1</field>
        <field name="interval_type">days</field>
        <field name="numbercall">-1</field>
        <field name="doall" eval="False"/>
        <field name="model" eval="'sale.order'"/>
        <field name="function" eval="'cron_send_mail'"/>
		<field name="args" eval="" />
        </record>
        
	<record id="saleorder_mail_template" model="mail.template">
		<field name="name">Sale Order Mail</field>
		<field name="email_from">hari@gmail.com</field>
		<field name="subject">Parent Mail</field>
		<field name="partner_to">${object.name.id}</field>
		<field name="model_id" ref="sale.model_sale_order" />
		<field name="auto_delete" eval="False" />
		<field name="body_html"><![CDATA[
		<p>Dear ${object.partner_id.name}</p>
		<p>Test mail</p>
		
		<table>
	          	<thead>
	          		
	          		
	          		<tr>
	          			<th>Customer</th>
	          			<th>Products</th>
	          			<th>Order Date</th>
	          			<th>Payment Terms</th>
	          			<th>Expiration Date</th>
	          		</tr>
	          	</thead>
	          	<tbody>
		         	% for list in ctx['sale_records']:
		         		<tr>
		         			<td>${list.partner_id.name}</td>
		          			<td>${list.product_id.name}</td>
		          			<td>${list.date_order}</td>
		          			<td>${list.payment_term_id.name}</td>
		          			<td>${list.validity_date}</td>
		         		</tr>
					% endfor
				</tbody>
			</table>
			 
			<table>
	          	<thead>
	          		<tr>
	          			<th>Products</th>
	          			<th>Quantity</th>
	          			<th>Unit Price</th>
	          			<th>Deliverd</th>	
       
	          			
	          			<th>Sub Total</th>
	          		</tr>
	          	</thead>
	          	<tbody>
		         	% for list_new in ctx['product_record']:
		         		<tr>
		          			<td>${list_new.product_id.name}</td>
		          			<td>${list_new.product_uom_qty}</td>
		          			<td>${list_new.price_unit}</td>
		          			<td>${list_new.qty_delivered}</td>
		          			<td>${list_new.price_subtotal}</td>
		         		</tr>
					% endfor
				</tbody>
			</table>
		
		]]>
		</field>
	</record>
	
	
	<record id="sale.email_template_edi_sale" model="mail.template">
            <field name="name">Sales Order - Send by Email</field>
            <field name="email_from">hari@gmail.com</field>
            <field name="subject">Test</field>
            <field name="partner_to">${object.partner_id.id}</field>
            <field name="auto_delete" eval="False" />
            <field name="model_id" ref="sale.model_sale_order"/>
           
            <field name="body_html"><![CDATA[
           
  			<style>
  			th{
				padding: 10px 15px; 
				background-color: #875A7B; 
				color: white; 
				font-family: Helvetica, Arial, sans-serif;
	          			
			}
			td{
				padding: 10px 15px; 
				background-color: #f5f5f5;
				text-align: center; 
				font-family: Helvetica, Arial, sans-serif;
	
			}
  			</style>
		
           <table width="600" border="0" cellpadding="0" cellspacing="0" >
	          	
	          	
	          	<thead>
	          		
	          		<tr>
	          			<th scope="col" width="50" >S.No</th>
	          			<th scope="col" width="50" >Products</th>
	          			<th scope="col" width="50" >Image</th>
	          			<th scope="col" width="50" >Quantity</th>
	          			<th scope="col" width="50" >SubTotal</th>
	          		</tr>
	          	</thead>
	          	
	          	<tbody>
		         	% for list_action in object.order_line:
		         		<tr>
		         			<td scope="col">${ loop.index }</td>
		          			<td scope="col">${list_action.product_id.name}</td>
		          			<td scope="col"><img src="data:image/png;base64,${list_action.product_id.image_medium}"/></td>
		          			<td scope="col">${list_action.product_uom_qty}</td>
		          			<td scope="col">${list_action.price_subtotal}</td>
		         		</tr>
					% endfor
					
				</tbody>
				<tfoot>
					
    				<tr>
      					<td colspan="3"></td>
      					<td>Total</td>
      					<td>${object.amount_total}</td>
    				</tr>
    				
  				</tfoot>
				
				
			</table>
			
		]]>		
	
		</field>
	</record>
	
	
	
	
	
 	
	<record id="email_template_create_sale" model="mail.template">
            <field name="name">Sales Order - Create to Email</field>
            <field name="email_from">hari@gmail.com</field>
            <field name="subject">Test</field>
            <field name="partner_to"></field>
            <field name="auto_delete" eval="False" />
            <field name="model_id" ref="sale.model_sale_order"/>
            <field name="body_html"><![CDATA[
           
  			<style>
  			th{
				padding: 10px 15px; 
				background-color: #875A7B; 
				color: white; 
				font-family: Helvetica, Arial, sans-serif;
	          			
			}
			td{
				padding: 10px 15px; 
				background-color: #f5f5f5;
				text-align: center; 
				font-family: Helvetica, Arial, sans-serif;
	
			}
  			</style>
			
		<p>Customer name: </p>
		<p>Order Id:      ${object.name}</p>
			
           <table width="600" border="0" cellpadding="0" cellspacing="0" >
	          	
	          	
	          	<thead>
	          		
	          		<tr>
	          			<th scope="col" width="50" >S.No</th>
	          			<th scope="col" width="50" >Products</th>
	          			<th scope="col" width="50" >Image</th>
	          			<th scope="col" width="50" >Quantity</th>
	          			<th scope="col" width="50" >SubTotal</th>
	          		</tr>
	          	</thead>
	          	
	          	<tbody>
		         	% for list_action_new in object.order_line:
		         		<tr>
		         			<td scope="col">${ loop.index }</td>
		          			<td scope="col">${list_action_new.product_id.name}</td>
		          			<td scope="col"><img src="data:image/png;base64,${list_action_new.product_id.image_medium}"/></td>
		          			<td scope="col">${list_action_new.product_uom_qty}</td>
		          			<td scope="col">${list_action_new.price_subtotal}</td>
		         		</tr>
					% endfor
					
				</tbody>
				<tfoot>
					
    				<tr>
      					<td colspan="3"></td>
      					<td>Total</td>
      					<td>${object.amount_total}</td>
    				</tr>
    				
  				</tfoot>
				
				
			</table>
			
		]]>		
	
		</field>
	</record>
	
	
	<record id="email_template_ticket" model="mail.template">
            <field name="name">Sales Order - Create to Email</field>
            <field name="email_from">hari@gmail.com</field>
            <field name="subject">Test</field>
            <field name="partner_to">${object.partner_id.id}</field>
            <field name="auto_delete" eval="False" />
            <field name="model_id" ref="sale.model_sale_order"/>
            <field name="body_html"><![CDATA[
           
  			<style>
  			th{
				padding: 10px 15px; 
				background-color: #875A7B; 
				color: white; 
				font-family: Helvetica, Arial, sans-serif;
	          			
			}
			td{
				padding: 10px 15px; 
				background-color: #f5f5f5;
				text-align: center; 
				font-family: Helvetica, Arial, sans-serif;
	
			}
  			</style>
			
		<p>Customer name: ${object.partner_id.name}</p>
		<p>Order Id:      ${object.name}</p>
			
          ${object.ticket}
			
		]]>		
	
		</field>
	</record>
	
	
</data>
</odoo>