<?xml version="1.0" encoding="utf-8"?>
<odoo>
<data>
   <report 
            id="report_sale_order"
            string="Report Sale Order New"
            model="sale.order" 
            report_type="qweb-pdf"
            file="sale_order.report_saleorder" 
            name="sale_order.report_saleorder" 
        />
       
        
  <template id="report_saleorder_document">
   		<div class="header">

			<div class="row">

			<div class="col-xs-6 text-left">

				<img t-if="doc.company_id.logo" t-att-src="'data:image/png;base64,%s' %doc.company_id.logo" style="width:250px; height:118px;"/>
			</div>
			<div class="col-xs-6 text-right">
						
						<div t-field="doc.company_id.partner_id" style="color:#875A7B;"/>
						
						<div t-field="doc.company_id.partner_id" t-field-options='{"widget": "contact", "fields":
							["address", "phone"], "no_marker": true}' />
						
					</div>
			</div>
			</div>
    
    
   <t t-call="report.external_layout">
        <t t-set="doc" t-value="doc.with_context({'lang':doc.partner_id.lang})" />

			
        
        <div class="page">
           <div class="oe_structure"/>
				<br/>
				
				<div class="row">
					<br />
					<br />
				</div>
					<div class="oe_structure"/>
				<br/>
			
				<div class="row">
					<div class="col-xs-6 text-left">
						<table>
							
							<tr>
								<span t-attf-style=" color:blue; width:50px; "
									class="text-center" >
									<i class="fa fa-map-marker" aria-hidden="true"/>
									Customer Address
								</span>
							</tr>
							<tr>
								<div t-field="doc.partner_id" t-options='{"widget": "contact", "fields": ["address",
									"phone", "fax"], "no_marker": True, "phone_icons": True}'/>
							</tr>
							<tr>
								<span t-attf-style=" color:blue; width:50px; "
									class="text-center" >
									<i class="fa fa-truck" aria-hidden="true">
									</i>
									<t t-if="doc.partner_shipping_id == doc.partner_invoice_id">Invoice and shipping address:</t>
									<t t-if="doc.partner_shipping_id != doc.partner_invoice_id">Invoice address:</t>
									<t t-if="doc.partner_shipping_id != doc.partner_invoice_id" class="mt8">
									Shipping Address</t>
								</span>
							</tr>
							<tr>
									<div t-field="doc.partner_invoice_id" t-field-options='{"widget": "contact", "fields":
										["address", "phone", "fax"], "no_marker": true, "phone_icons": True }'/>
									<p t-if="doc.partner_id.vat">
										VAT:
										<span t-field="doc.partner_id.vat"/>
									</p>
									<div t-if="doc.partner_shipping_id != doc.partner_invoice_id" class="mt8">
										<div t-field="doc.partner_shipping_id" t-field-options='{"widget": "contact", "fields":
											["address", "phone", "fax"], "no_marker": true}'/>
										<p t-if="doc.partner_id.vat">
											VAT:
											<span t-field="doc.partner_id.vat"/>
										</p>
									</div>
								
							</tr>
						</table>
						
					</div>
					<div class="col-xs-6 pull-right">
					<div t-attf-style=" border: 1px !important; border-color:blue; border-style: groove !important; "/>
						<table>
							<tbody>
								
								<tr rowspan ="2"  t-attf-style="color:blue;" >
								<td colspan ="3" style="padding:10px;!important;">
									<span style="font:25px lucida-console,sans-serif !important;" t-if="doc.state not
										in ['draft','sent']" >Sale Order:</span>
									<span style="font:25px lucida-console,sans-serif !important;" t-if="doc.state in ['draft','sent']"
										>Sale Quotation:</span>
									<span style="font:25px lucida-console,sans-serif !important;" t-field="doc.name"/>
								</td>
								
							</tr>
								<tr>
									<td t-if="doc.client_order_ref" style="padding:10px;!important;">
										Your Reference:
										<br/>
										<span style="border: none !important;border-color: #fff !important;" t-field="doc.client_order_ref"/>
									</td>
									
									<td  t-if="doc.user_id.name" style="padding:10px;!important;">
										Salesperson:
										<br/>
										<span style="border: 1px !important;border-color: #fff !important;" t-field="doc.user_id"/>
									</td>
									<td t-if="doc.fiscal_position_id"  style="padding:10px;!important;">
										Fiscal Position:
										<br/>
										<span style="border: 1px !important;border-color: #fff !important;" t-field="doc.fiscal_position_id"/>
									</td>
								</tr>
							</tbody>
						</table>
								
						
					</div>
				</div>
				<br />
				

            <!-- Is there a discount on at least one line? -->
            <t t-set="display_discount" t-value="any([l.discount for l in doc.order_line])"/>

            <t t-foreach="doc.order_lines_layouted()" t-as="page">
            	
                <table class="table table-condensed">
                <style>
            		th{
					padding: 10px 15px; 
					background-color: #875A7B; 
					color: white; 
					font-family: Helvetica, Arial, sans-serif;
					}
					td{
					padding: 10px 15px; 
					background-color: #f5f5f5;
					text-align: center; 
					font-family: Helvetica, Arial, sans-serif;
					}
            	</style>
                    <thead>
                        <tr>
                            <th>Description</th>
                            <th class="text-right">Quantity</th>
                            <th class="text-right">Unit Price</th>
                            <th t-if="display_discount" class="text-right" groups="sale.group_discount_per_so_line">Disc.(%)</th>
                            <th class="text-right">Taxes</th>
                            <th class="text-right" groups="sale.group_show_price_subtotal">Price</th>
                            <th class="text-right price_tax_included" groups="sale.group_show_price_total">Total Price</th>
                        </tr>
                   </thead>
                   <tbody class="sale_tbody">
                        <t t-foreach="page" t-as="layout_category">

                            <t t-if="layout_category_size > 1 or page_size > 1" groups="sale.group_sale_layout">
                                <tr class="active">
                                    <td colspan="7" style="font-weight: bold; border-bottom: 1px solid black;">&amp;bull;
                                        <t t-esc="layout_category['name']"/>
                                    </td>
                                </tr>
                            </t>

                            <!-- Lines associated -->
                            <t t-foreach="layout_category['lines']" t-as="l">
                                <tr>
                                    <td><span t-field="l.name"/></td>
                                    <td class="text-right">
                                        <span t-field="l.product_uom_qty"/>
                                        <span t-field="l.product_uom" groups="product.group_uom"/>
                                    </td>
                                    <td class="text-right">
                                        <span t-field="l.price_unit"/>
                                    </td>
                                    <td t-if="display_discount" class="text-right" groups="sale.group_discount_per_so_line">
                                        <span t-field="l.discount"/>
                                    </td>
                                    <td class="text-right">
                                        <span t-esc="', '.join(map(lambda x: (x.description or x.name), l.tax_id))"/>
                                    </td>
                                    <td class="text-right" groups="sale.group_show_price_subtotal">
                                        <span t-field="l.price_subtotal"
                                            t-options='{"widget": "monetary", "display_currency": doc.pricelist_id.currency_id}'/>
                                    </td>
                                    <td class="text-right" groups="sale.group_show_price_total">
                                        <span t-field="l.price_total"
                                            t-options='{"widget": "monetary", "display_currency": doc.pricelist_id.currency_id}'/>
                                    </td>
                                </tr>
                            </t>

                            <t t-if="(layout_category_size > 1 or page_size > 1) and layout_category['subtotal']" groups="sale.group_sale_layout">
                                <tr class="text-right">
                                    <td colspan="6">
                                        <strong>Subtotal: </strong>
                                        <t t-set="subtotal" t-value="sum(line.price_subtotal for line in layout_category['lines'])"/>
                                        <span t-esc="subtotal" t-options="{'widget': 'monetary', 'display_currency': doc.pricelist_id.currency_id}"/>
                                    </td>
                                </tr>
                            </t>

                        </t>
                    </tbody>
                </table>

                <t t-if="page_index &lt; page_size - 1" groups="sale.group_sale_layout">
                    <p style="page-break-before:always;"> </p>
                </t>
            </t>

            <div class="row" name="total">
                <div class="col-xs-4 pull-right">
                    <table class="table table-condensed">
                        <tr class="border-black">
                            <td><strong>Total Without Taxes</strong></td>
                            <td class="text-right">
                                <span t-field="doc.amount_untaxed"
                                    t-options='{"widget": "monetary", "display_currency": doc.pricelist_id.currency_id}'/>
                            </td>
                        </tr>
                        <t t-foreach="doc._get_tax_amount_by_group()" t-as="amount_by_group">
                            <tr>
                                <td><span t-esc="amount_by_group[0] or 'Taxes'"/></td>
                                <td class="text-right">
                                    <span t-esc="amount_by_group[1]"
                                        t-options='{"widget": "monetary", "display_currency": doc.pricelist_id.currency_id}'/>
                                </td>
                            </tr>
                        </t>
                        <tr class="border-black">
                            <td><strong>Total</strong></td>
                            <td class="text-right">
                                <span t-field="doc.amount_total"
                                    t-options='{"widget": "monetary", "display_currency": doc.pricelist_id.currency_id}'/>
                            </td>
                        </tr>
                    </table>
                </div>
            </div>

            <p t-field="doc.note" />
            <p t-if="doc.payment_term_id.note">
                <span t-field="doc.payment_term_id.note"/>
            </p>
            <p id="fiscal_position_remark" t-if="doc.fiscal_position_id and doc.fiscal_position_id.note">
                <strong>Fiscal Position Remark:</strong>
                <span t-field="doc.fiscal_position_id.note"/>
            </p>
            <div class="oe_structure"/>
        </div>
    </t>
</template>


<template id="report_saleorder">
    <t t-call="report.html_container">
        <t t-foreach="docs" t-as="doc">
            <t t-call="sale_order.report_saleorder_document" t-lang="doc.partner_id.lang"/>
        </t>
    </t>
</template>
        
</data>
</odoo>