<?xml version="1.0" encoding="utf-8"?>
<odoo>
<data>
   <report 
            id="report_po_template"
            string="Report Purchase Order"
            model="project.task" 
            report_type="qweb-pdf"
            file="construction.construction_report_order" 
            name="construction.construction_report_order" 
        />
       
        
 <template id="report_fleet">
        <t t-call="report.html_container">
            <t t-foreach="docs" t-as="doc">
                <t t-call="construction.construction_report_order" t-lang="doc.partner_id.lang"/>
            </t>
        </t>
    </template>
    
    <template id="construction_report_order">
        <t t-foreach="docs" t-as="doc">
            <t t-call="report.external_layout">
                <div class="page">
                    <h1>Job Card</h1>
                    <p> Template content</p>
                </div>
            </t>
        </t>
    </template>
</data>
</odoo>