<?xml version="1.0" encoding="utf-8"?>
<odoo>
<data>
   <report 
            id="report_purchase_template"
            string="Report Purchase Order"
            model="purchase.order" 
            report_type="qweb-pdf"
            file="construction.construction_report_purchase" 
            name="construction.construction_report_purchase" 
        />
       
        
 <template id="report_purchase">
        <t t-call="report.html_container">
            <t t-foreach="docs" t-as="doc">
                <t t-call="construction.construction_report_purchase" t-lang="doc.partner_id.lang"/>
            </t>
        </t>
 </template>
    
   
   
   
    <template id="construction_report_purchase">
   
   	<div class="header">

			<div class="row">

			<div class="col-xs-6 text-left">

				<img src='/web/binary/company_logo' class="float-right" style="width:250px; height:118px;"
                     alt="Logo" />
			</div>
			<div class="col-xs-6 text-right">
						
						<div t-field="res_company.partner_id" style="color:#875A7B;"/>
						
						<div t-field="res_company.partner_id" t-field-options='{"widget": "contact", "fields":
							["address", "phone"], "no_marker": true}' /> 
						
					</div>
			</div>
			</div>
    		
    
   		
        <t t-foreach="docs" t-as="doc">
            <t t-call="report.external_layout">
                <br/>
    			<br/>
    			<br/>
                <div class="page">
                   
                   
                   <div class="row">

			<div class="col-xs-6 text-left">
				<table>
							<tr>
								<td><span t-attf-style=" color:blue; width:50px; "
									class="text-center" >
									<i class="fa fa-industry" aria-hidden="true"></i>
									Vendor 
								</span></td>
								<td><div t-field="doc.partner_id" /></td>
							</tr>
							
							<tr>
								<td><span t-attf-style=" color:blue; width:50px; "
									class="text-center" >
									<i class="fa fa-calendar" aria-hidden="true"></i>
									Order Date 
								</span></td>
								<td><div t-field="doc.date_order" /></td>
							</tr>
							
							<tr>
								<td><span t-attf-style=" color:blue; width:50px; "
									class="text-center" >
									<i class="fad fa-shield-check"></i>
									Order Pass Id 
								</span></td>
								<td><div t-field="doc.date_order" /></td>
							</tr>
							
						</table>
						
			</div>
			
			
			<div class="col-xs-6 text-right">
						
					<div t-attf-style=" border: 1px !important; border-color:blue; border-style: groove !important; "/>
						<table>
							<tbody>
								
								<tr rowspan ="2"  t-attf-style="color:blue;" >
								<td colspan ="3" style="padding:10px;!important;">
									<span style="font:25px lucida-console,sans-serif !important;" >Purchase Order:</span>
									
									<span style="font:25px lucida-console,sans-serif !important;" t-field="doc.name"/>
								</td>
								
							</tr>
								<tr>
									
									
									<td  t-if="doc.partner_id.name" style="padding:10px;!important;">
										Billing Status:
										<br/>
										<span style="border: 1px !important;border-color: #fff !important;" t-field="doc.invoice_status"/>
									</td>
									
								</tr>
							</tbody>
						</table>
								
						
					</div>
						
					</div>
			</div>
                   
                   
            </t>
        </t>
        
        
        
    </template>
</data>
</odoo>