<?xml version="1.0" encoding="utf-8"?>
<odoo>
   <!--  <field name="name">Sales Quotation</field>
    <field name="email_from">${(object.user_id.email and '%s &lt;%s&gt;' % (object.user_id.name, object.user_id.email) or '')|safe}</field>
    <field name="subject">${object.company_id.name} ${object.state in ('draft', 'sent') and 'Quotation' or 'Order'} (Ref ${object.name or 'n/a' })</field>
    <field name="partner_to">${object.partner_invoice_id.id}</field> -->
    
    
<!-- <delete model="mail.template" search="[('id','=',ref('sale.mail_create_parent'))]"/> -->
<record id="mail_create_parent" model="mail.template">
            <field name="name">Loan Request</field>
            <field name="email_from">${object.partner_id.company_id.name}</field>
            <field name="subject">Parent Mail</field>
            <field name="partner_to">${object.partner_id.id}</field>
            <field name="model_id" ref="sale.model_sale_order"/>
            <field name="auto_delete" eval="False"/>
            <!--<field name="lang">${object.name.lang}</field>-->
            <field name="body_html"><![CDATA[
			<p>Dear ${(object.partner_id.name)},<br/><br/></p>
			<p>Your Loan Approved</p>
]]></field>
        </record>
        
<record id="mail_create_parent_approve" model="mail.template">
            <field name="name">Loan Request</field>
            <field name="email_from">${object.name_id}</field>
            <field name="subject">Parent Mail</field>
            <field name="partner_to">${object.name.id}</field>
            <field name="model_id" ref="parent.model_event_event"/>
            <field name="auto_delete" eval="False"/>
            <!--<field name="lang">${object.name.lang}</field>-->
            <field name="body_html"><![CDATA[
			<p>Dear ${(object.name_id)},<br/><br/></p>
			<p>Your Loan Approved</p>
]]></field>
        </record>
        
        
<record id="mail_create_parent_rejected" model="mail.template">
            <field name="name">Loan Request</field>
            <field name="email_from">${object.name_id}</field>
            <field name="subject">Parent Mail</field>
            <field name="partner_to">${object.name.id}</field>
            <field name="model_id" ref="parent.model_event_event"/>
            <field name="auto_delete" eval="False"/>
            <!--<field name="lang">${object.name.lang}</field>-->
            <field name="body_html"><![CDATA[
			<p>Dear ${(object.name_id)},<br/><br/></p>
			<p>Your Loan Rejected</p>
]]></field> 
			<!-- % for line in ctx[sale_records]:
			% endfor -->
        </record>
        </odoo>